{
  "project_info": {
    "project_number": "265889844893",
    "firebase_url": "https://smarthomehumber-default-rtdb.firebaseio.com",
    "project_id": "smarthomehumber",
    "storage_bucket": "smarthomehumber.appspot.com"
  },
  "client": [
    {
      "client_info": {
        "mobilesdk_app_id": "1:265889844893:android:8052cc87b98ac520e04e74",
        "android_client_info": {
          "package_name": "com.example.smarthomeapp"
        }
      },
      "oauth_client": [
        {
          "client_id": "265889844893-0c2efm2m2o0p88e0og7dcca7uq427d27.apps.googleusercontent.com",
          "client_type": 3
        }
      ],
      "api_key": [
        {
          "current_key": "AIzaSyDEM639YQKZP2PAZU-j5XBRYsWMXQXzvss"
        }
      ],
      "services": {
        "appinvite_service": {
          "other_platform_oauth_client": [
            {
              "client_id": "265889844893-0c2efm2m2o0p88e0og7dcca7uq427d27.apps.googleusercontent.com",
              "client_type": 3
            }
          ]
        }
      }
    },
    {
      "client_info": {
        "mobilesdk_app_id": "1:265889844893:android:d8a54892f5b110a3e04e74",
        "android_client_info": {
          "package_name": "smarthomeapp.smarthome"
        }
      },
      "oauth_client": [
        {
          "client_id": "265889844893-pbbptm6ssc90qt8fne9lm1lje6dvckkg.apps.googleusercontent.com",
          "client_type": 1,
          "android_info": {
            "package_name": "smarthomeapp.smarthome",
            "certificate_hash": "1ceb7f8fdfe030de87b11aaba8c6a69df47725ab"
          }
        },
        {
          "client_id": "265889844893-0c2efm2m2o0p88e0og7dcca7uq427d27.apps.googleusercontent.com",
          "client_type": 3
        }
      ],
      "api_key": [
        {
          "current_key": "AIzaSyDEM639YQKZP2PAZU-j5XBRYsWMXQXzvss"
        }
      ],
      "services": {
        "appinvite_service": {
          "other_platform_oauth_client": [
            {
              "client_id": "265889844893-0c2efm2m2o0p88e0og7dcca7uq427d27.apps.googleusercontent.com",
              "client_type": 3
            }
          ]
        }
      }
    }
  ],
  "configuration_version": "1"
}